{
  "compliant": {
    "precision": 0.82,
    "recall": 0.82,
    "f1-score": 0.82,
    "support": 50.0
  },
  "ambiguous": {
    "precision": 0.7903225806451613,
    "recall": 0.8596491228070176,
    "f1-score": 0.8235294117647058,
    "support": 57.0
  },
  "non_compliant": {
    "precision": 0.8444444444444444,
    "recall": 0.76,
    "f1-score": 0.8,
    "support": 50.0
  },
  "accuracy": 0.8152866242038217,
  "macro avg": {
    "precision": 0.8182556750298686,
    "recall": 0.8132163742690057,
    "f1-score": 0.8145098039215686,
    "support": 157.0
  },
  "weighted avg": {
    "precision": 0.8170102504394675,
    "recall": 0.8152866242038217,
    "f1-score": 0.8149119520419632,
    "support": 157.0
  }
}